seed,fold,target,base_model,epoch,training_loss,validation_loss,n_train_windows,n_validation_windows
42,1,Tout_C,cnn,1,0.0057322969660162,0.0004911475698463,20869,5658
42,1,Tout_C,cnn,2,0.0022036877926439,0.0012539568124338,20869,5658
42,1,Tout_C,cnn,3,0.0013692856300622,0.0008114199154078,20869,5658
42,1,Tout_C,cnn,4,0.0009746412397362,0.0018379173707216,20869,5658
42,1,Tout_C,cnn,5,0.0008137291879393,0.0010213279165327,20869,5658
42,1,Tout_C,cnn,6,0.0006710507441312,0.0003281800018157,20869,5658
42,1,Tout_C,cnn,7,0.0006633250159211,0.0016335499240085,20869,5658
42,1,Tout_C,cnn,8,0.0006058212020434,0.002075552009046,20869,5658
42,1,Tout_C,cnn,9,0.0006375159719027,0.0003610225685406,20869,5658
42,1,Tout_C,cnn,10,0.0006075528799556,0.0007520452491007,20869,5658
42,1,Tout_C,lstm,1,0.0024280920624732,0.0004255952953826,20869,5658
42,1,Tout_C,lstm,2,0.0006195449968799,0.0006032238597981,20869,5658
42,1,Tout_C,lstm,3,0.0004877819446846,0.0001754271652316,20869,5658
42,1,Tout_C,lstm,4,0.0004301447770558,8.890157914720476e-05,20869,5658
42,1,Tout_C,lstm,5,0.000379683682695,0.0001689037017058,20869,5658
42,1,Tout_C,lstm,6,0.0002980786375701,0.0001154001511167,20869,5658
42,1,Tout_C,lstm,7,0.0003024403413292,9.103734191739932e-05,20869,5658
42,1,Tout_C,lstm,8,0.0002454662753734,0.0002856560167856,20869,5658
42,1,Tout_C,lstm,9,0.0002152807865059,0.0001835291477618,20869,5658
42,1,Tout_C,lstm,10,0.0001979004009626,7.748734060442075e-05,20869,5658
42,1,Tout_C,sa,1,0.0174038466066122,0.0012440074933692,20869,5658
42,1,Tout_C,sa,2,0.0054551898501813,0.0017219155561178,20869,5658
42,1,Tout_C,sa,3,0.003162189386785,0.001000668737106,20869,5658
42,1,Tout_C,sa,4,0.002015124540776,0.0005851411260664,20869,5658
42,1,Tout_C,sa,5,0.0016434100689366,0.0004434529400896,20869,5658
42,1,Tout_C,sa,6,0.0015033128438517,0.0004184025747235,20869,5658
42,1,Tout_C,sa,7,0.001485729473643,0.0005412193713709,20869,5658
42,1,Tout_C,sa,8,0.0013720821589231,0.0003252510214224,20869,5658
42,1,Tout_C,sa,9,0.0014350732089951,0.0005649902159348,20869,5658
42,1,Tout_C,sa,10,0.0013775450643151,0.0004032443684991,20869,5658
42,1,logQ,cnn,1,0.00606594607234,0.0003442926390562,20869,5658
42,1,logQ,cnn,2,0.0028651698958128,0.0012094354024156,20869,5658
42,1,logQ,cnn,3,0.0020618913695216,0.0012439899146556,20869,5658
42,1,logQ,cnn,4,0.0017086196457967,0.0008537176763638,20869,5658
42,1,logQ,cnn,5,0.0014319410547614,0.0009433741797693,20869,5658
42,1,logQ,cnn,6,0.001336490153335,0.0016601054230704,20869,5658
42,1,logQ,cnn,7,0.0012615270679816,0.0007934839231893,20869,5658
42,1,logQ,cnn,8,0.0012460155412554,0.0007864384679123,20869,5658
42,1,logQ,cnn,9,0.00119064678438,0.000594345619902,20869,5658
42,1,logQ,cnn,10,0.0011903964914381,0.0007068869308568,20869,5658
42,1,logQ,lstm,1,0.0042732027359306,8.683077612658963e-05,20869,5658
42,1,logQ,lstm,2,0.0007131072925403,0.0020830165594816,20869,5658
42,1,logQ,lstm,3,0.0005473255878314,0.0004485539684537,20869,5658
42,1,logQ,lstm,4,0.0004482669173739,0.0001661434071138,20869,5658
42,1,logQ,lstm,5,0.0003898132417816,0.0001165205467259,20869,5658
42,1,logQ,lstm,6,0.0003365493903402,7.418513996526599e-05,20869,5658
42,1,logQ,lstm,7,0.0003057717985939,2.4943912649177943e-05,20869,5658
42,1,logQ,lstm,8,0.0002699534234125,6.919498991919681e-05,20869,5658
42,1,logQ,lstm,9,0.0002423635596642,3.1499865144724026e-05,20869,5658
42,1,logQ,lstm,10,0.0002180588926421,1.894194610940758e-05,20869,5658
42,1,logQ,sa,1,0.0221778880804777,0.0007648206083104,20869,5658
42,1,logQ,sa,2,0.0065389573574066,0.0032887381967157,20869,5658
42,1,logQ,sa,3,0.0047671939246356,0.0019161190139129,20869,5658
42,1,logQ,sa,4,0.0036109201610088,0.0010909618576988,20869,5658
42,1,logQ,sa,5,0.0030762534588575,0.0004700570716522,20869,5658
42,1,logQ,sa,6,0.0027800148818641,0.0004352217947598,20869,5658
42,1,logQ,sa,7,0.0027568556834012,0.0007087610429152,20869,5658
42,1,logQ,sa,8,0.0026002908125519,0.0019987397827208,20869,5658
42,1,logQ,sa,9,0.0025565561372786,0.0007609574240632,20869,5658
42,1,logQ,sa,10,0.002583201508969,0.0004167751758359,20869,5658
42,2,Tout_C,cnn,1,0.0083314916118979,0.002542054047808,20619,5908
42,2,Tout_C,cnn,2,0.0029658551793545,0.0001495414908276,20619,5908
42,2,Tout_C,cnn,3,0.0018102430040016,0.0003372850187588,20619,5908
42,2,Tout_C,cnn,4,0.0012474341783672,7.766950147924945e-05,20619,5908
42,2,Tout_C,cnn,5,0.0009679025970399,0.0012449700152501,20619,5908
42,2,Tout_C,cnn,6,0.000884550914634,0.0003136004961561,20619,5908
42,2,Tout_C,cnn,7,0.0008078415412455,0.0002634203992784,20619,5908
42,2,Tout_C,cnn,8,0.0008067743619903,0.0007636701338924,20619,5908
42,2,Tout_C,cnn,9,0.000770136131905,0.0001306726771872,20619,5908
42,2,Tout_C,cnn,10,0.0007570792804472,6.555912841577083e-05,20619,5908
42,2,Tout_C,lstm,1,0.0018100362503901,0.0004246093158144,20619,5908
42,2,Tout_C,lstm,2,0.0006329052266664,8.236112626036629e-05,20619,5908
42,2,Tout_C,lstm,3,0.0004805567150469,7.285827450687066e-05,20619,5908
42,2,Tout_C,lstm,4,0.0004271992365829,0.0003878836578223,20619,5908
42,2,Tout_C,lstm,5,0.0003597968316171,6.627979746554047e-05,20619,5908
42,2,Tout_C,lstm,6,0.0003017781127709,0.0001686798495939,20619,5908
42,2,Tout_C,lstm,7,0.0002788300334941,9.657919872552156e-05,20619,5908
42,2,Tout_C,lstm,8,0.0002497885434422,2.084071093122475e-05,20619,5908
42,2,Tout_C,lstm,9,0.0002254629362141,6.974417192395777e-05,20619,5908
42,2,Tout_C,lstm,10,0.0002043474378297,7.578265649499372e-05,20619,5908
42,2,Tout_C,sa,1,0.0195340979844331,0.00041959725786,20619,5908
42,2,Tout_C,sa,2,0.0061997906304895,0.0003532180853653,20619,5908
42,2,Tout_C,sa,3,0.0039147846400737,0.0005529329064302,20619,5908
42,2,Tout_C,sa,4,0.0025463050696998,0.0001582881232025,20619,5908
42,2,Tout_C,sa,5,0.0020129943732172,0.0005141366273164,20619,5908
42,2,Tout_C,sa,6,0.001685397233814,0.0001750121300574,20619,5908
42,2,Tout_C,sa,7,0.0015976371942088,0.0001763484178809,20619,5908
42,2,Tout_C,sa,8,0.001582657918334,0.0016067511169239,20619,5908
42,2,Tout_C,sa,9,0.0015059164725244,0.0006719650118611,20619,5908
42,2,Tout_C,sa,10,0.0015513884136453,0.000130794753204,20619,5908
42,2,logQ,cnn,1,0.0084019787609577,0.0005471828044392,20619,5908
42,2,logQ,cnn,2,0.0033104487229138,0.0003072110994253,20619,5908
42,2,logQ,cnn,3,0.0024494959507137,0.0011201006127521,20619,5908
42,2,logQ,cnn,4,0.0019420026801526,0.0002927568566519,20619,5908
42,2,logQ,cnn,5,0.001730857649818,0.000320599792758,20619,5908
42,2,logQ,cnn,6,0.0015580928884446,0.0003807987377513,20619,5908
42,2,logQ,cnn,7,0.0014982144348323,0.0004189874453004,20619,5908
42,2,logQ,cnn,8,0.0014346438692882,0.0009620081400498,20619,5908
42,2,logQ,cnn,9,0.001441037398763,0.000191479048226,20619,5908
42,2,logQ,cnn,10,0.0013620282988995,9.022538870340212e-05,20619,5908
42,2,logQ,lstm,1,0.0044904896058142,0.0001252679794561,20619,5908
42,2,logQ,lstm,2,0.0007446914096362,5.413761027739383e-05,20619,5908
42,2,logQ,lstm,3,0.0005396463675424,1.6127381968544796e-05,20619,5908
42,2,logQ,lstm,4,0.0004489936982281,1.6908152247196995e-05,20619,5908
42,2,logQ,lstm,5,0.000372488371795,1.5466874174308032e-05,20619,5908
42,2,logQ,lstm,6,0.0003443610039539,9.901539306156336e-05,20619,5908
42,2,logQ,lstm,7,0.0003235274052713,1.4916097825334871e-05,20619,5908
42,2,logQ,lstm,8,0.0002639170852489,7.260267739184201e-05,20619,5908
42,2,logQ,lstm,9,0.000264592730673,6.184823723742738e-05,20619,5908
42,2,logQ,lstm,10,0.0002283673675265,0.0001541016245028,20619,5908
42,2,logQ,sa,1,0.0238906703889369,0.0018937473651021,20619,5908
42,2,logQ,sa,2,0.0066549535840749,0.0016607232391834,20619,5908
42,2,logQ,sa,3,0.0049356138333678,0.0013135441113263,20619,5908
42,2,logQ,sa,4,0.0037394720129668,0.0005167460185475,20619,5908
42,2,logQ,sa,5,0.00330206961371,0.000381079618819,20619,5908
42,2,logQ,sa,6,0.0030009143520146,0.0005952231003902,20619,5908
42,2,logQ,sa,7,0.0026281580794602,0.0002393820759607,20619,5908
42,2,logQ,sa,8,0.0025287861935794,0.0013698877301067,20619,5908
42,2,logQ,sa,9,0.0025028120726346,5.842223254148848e-05,20619,5908
42,2,logQ,sa,10,0.0023953241761773,0.0005068168393336,20619,5908
42,3,Tout_C,cnn,1,0.0077393422834575,0.0013141760136932,20647,5880
42,3,Tout_C,cnn,2,0.0027049663476645,0.0010162693215534,20647,5880
42,3,Tout_C,cnn,3,0.0016510123386979,0.0005422036047093,20647,5880
42,3,Tout_C,cnn,4,0.0010984253603965,0.0007352969259954,20647,5880
42,3,Tout_C,cnn,5,0.0008703297353349,0.0006275532068684,20647,5880
42,3,Tout_C,cnn,6,0.0008037610095925,0.0004272899241186,20647,5880
42,3,Tout_C,cnn,7,0.0007074403110891,0.00056740938453,20647,5880
42,3,Tout_C,cnn,8,0.0007032267167232,0.0005797495832666,20647,5880
42,3,Tout_C,cnn,9,0.0006381777930073,0.0005995944375172,20647,5880
42,3,Tout_C,cnn,10,0.0005911090411245,0.0005004545091651,20647,5880
42,3,Tout_C,lstm,1,0.0021723974496126,9.675282490206882e-05,20647,5880
42,3,Tout_C,lstm,2,0.0006121913902461,0.0001322443131357,20647,5880
42,3,Tout_C,lstm,3,0.0004601254186127,0.0002313270815648,20647,5880
42,3,Tout_C,lstm,4,0.0003932403342332,0.000116438648547,20647,5880
42,3,Tout_C,lstm,5,0.0003535286523401,6.773319910280406e-05,20647,5880
42,3,Tout_C,lstm,6,0.0003035350237041,0.0001875722082331,20647,5880
42,3,Tout_C,lstm,7,0.0002606197958812,7.29958774172701e-05,20647,5880
42,3,Tout_C,lstm,8,0.0002257706219097,7.963566167745739e-05,20647,5880
42,3,Tout_C,lstm,9,0.0002048253809334,1.794950367184356e-05,20647,5880
42,3,Tout_C,lstm,10,0.0001882253563962,2.798865534714423e-05,20647,5880
42,3,Tout_C,sa,1,0.0243775714188814,0.0014578282134607,20647,5880
42,3,Tout_C,sa,2,0.0055009247735142,0.0005402560345828,20647,5880
42,3,Tout_C,sa,3,0.0035828307736665,0.0015769189922139,20647,5880
42,3,Tout_C,sa,4,0.0022632682230323,0.0004047419643029,20647,5880
42,3,Tout_C,sa,5,0.0016465776134282,0.0003912403772119,20647,5880
42,3,Tout_C,sa,6,0.0013709496706724,0.0004205363511573,20647,5880
42,3,Tout_C,sa,7,0.0011866173008456,0.0012445455649867,20647,5880
42,3,Tout_C,sa,8,0.0012130512623116,0.0005339695489965,20647,5880
42,3,Tout_C,sa,9,0.0010558421490713,0.000200078706257,20647,5880
42,3,Tout_C,sa,10,0.0010524669196456,0.0001903233060147,20647,5880
42,3,logQ,cnn,1,0.0072314445860683,0.000723703764379,20647,5880
42,3,logQ,cnn,2,0.0030076887924224,0.0003337411326356,20647,5880
42,3,logQ,cnn,3,0.0021328898146748,0.0001698949490673,20647,5880
42,3,logQ,cnn,4,0.001751153729856,0.0003896585258189,20647,5880
42,3,logQ,cnn,5,0.0015611813869327,0.000367913453374,20647,5880
42,3,logQ,cnn,6,0.0014190977672114,0.0004837189917452,20647,5880
42,3,logQ,cnn,7,0.0014004375552758,0.0003610207932069,20647,5880
42,3,logQ,cnn,8,0.0013372440589591,0.0004090956645086,20647,5880
42,3,logQ,cnn,9,0.0013403040356934,0.000205102172913,20647,5880
42,3,logQ,cnn,10,0.0012729576556012,0.0002534310915507,20647,5880
42,3,logQ,lstm,1,0.0040726084262132,0.0001433934085071,20647,5880
42,3,logQ,lstm,2,0.0007037736941128,0.0001752130774548,20647,5880
42,3,logQ,lstm,3,0.0005193249089643,0.0001688314951024,20647,5880
42,3,logQ,lstm,4,0.0004463971417862,0.0001062986993929,20647,5880
42,3,logQ,lstm,5,0.0003857422852888,6.404508894775063e-05,20647,5880
42,3,logQ,lstm,6,0.0003439808497205,1.7908514564624056e-05,20647,5880
42,3,logQ,lstm,7,0.0003159715270157,3.5161217965651304e-05,20647,5880
42,3,logQ,lstm,8,0.0002869442396331,0.0003755004145205,20647,5880
42,3,logQ,lstm,9,0.0002635587879922,9.098697773879394e-05,20647,5880
42,3,logQ,lstm,10,0.0002391148445894,2.860068525478709e-05,20647,5880
42,3,logQ,sa,1,0.0152369551360607,0.0036526676267385,20647,5880
42,3,logQ,sa,2,0.0052581406198441,0.0022781488951295,20647,5880
42,3,logQ,sa,3,0.0039036290254443,0.0004888800904154,20647,5880
42,3,logQ,sa,4,0.0029200883582234,0.0002232867846032,20647,5880
42,3,logQ,sa,5,0.0024342194665223,0.0005493073258548,20647,5880
42,3,logQ,sa,6,0.0022452385164797,0.0002954023366328,20647,5880
42,3,logQ,sa,7,0.0020496908109635,0.0007386302459053,20647,5880
42,3,logQ,sa,8,0.0020359077025204,0.0002404050610493,20647,5880
42,3,logQ,sa,9,0.0020124905277043,0.0007320228032767,20647,5880
42,3,logQ,sa,10,0.0020878729410469,0.0004454723966773,20647,5880
42,4,Tout_C,cnn,1,0.0097309332340955,0.0004556264611892,21814,4713
42,4,Tout_C,cnn,2,0.0034069188404828,0.0012260894291102,21814,4713
42,4,Tout_C,cnn,3,0.0021468696650117,0.0011637582210823,21814,4713
42,4,Tout_C,cnn,4,0.0014236845308914,0.0007849241956137,21814,4713
42,4,Tout_C,cnn,5,0.0011269047390669,0.0005729926633648,21814,4713
42,4,Tout_C,cnn,6,0.0009737499058246,0.000620589707978,21814,4713
42,4,Tout_C,cnn,7,0.0008639256702736,0.0009865534957498,21814,4713
42,4,Tout_C,cnn,8,0.0008360897772945,0.0009823784930631,21814,4713
42,4,Tout_C,cnn,9,0.0007832185365259,0.000771120248828,21814,4713
42,4,Tout_C,cnn,10,0.0007621717522852,0.0006113973795436,21814,4713
42,4,Tout_C,lstm,1,0.0019052738789469,0.0001035611639963,21814,4713
42,4,Tout_C,lstm,2,0.0006317824008874,0.0003706647257786,21814,4713
42,4,Tout_C,lstm,3,0.0004630587645806,0.0003050868690479,21814,4713
42,4,Tout_C,lstm,4,0.0004063918604515,5.196552228881046e-05,21814,4713
42,4,Tout_C,lstm,5,0.0003509598318487,0.0001293183449888,21814,4713
42,4,Tout_C,lstm,6,0.0003167848626617,8.34836537251249e-05,21814,4713
42,4,Tout_C,lstm,7,0.0002820774097926,1.9542516383808103e-05,21814,4713
42,4,Tout_C,lstm,8,0.0002360421058256,8.03655984782381e-06,21814,4713
42,4,Tout_C,lstm,9,0.0002205344499088,9.079358278540894e-05,21814,4713
42,4,Tout_C,lstm,10,0.0001879525807453,7.234966324176639e-05,21814,4713
42,4,Tout_C,sa,1,0.0168884471058845,0.0004254692175891,21814,4713
42,4,Tout_C,sa,2,0.0054167006164789,0.000400579359848,21814,4713
42,4,Tout_C,sa,3,0.0033249713014811,0.0002086930180666,21814,4713
42,4,Tout_C,sa,4,0.0022426836658269,0.000191257437109,21814,4713
42,4,Tout_C,sa,5,0.0015019831480458,0.0002614435215946,21814,4713
42,4,Tout_C,sa,6,0.0012903402093797,0.0005045889411121,21814,4713
42,4,Tout_C,sa,7,0.0012520255986601,0.0003761435509659,21814,4713
42,4,Tout_C,sa,8,0.001241032150574,0.0005713283317163,21814,4713
42,4,Tout_C,sa,9,0.0012255797628313,0.0003867556515615,21814,4713
42,4,Tout_C,sa,10,0.0012506183702498,0.0002848903241101,21814,4713
42,4,logQ,cnn,1,0.0084089618176221,0.0010888674296438,21814,4713
42,4,logQ,cnn,2,0.0032787157688289,0.0024022429715842,21814,4713
42,4,logQ,cnn,3,0.002355687553063,0.0005418583168648,21814,4713
42,4,logQ,cnn,4,0.0018683467060327,0.0007086470723152,21814,4713
42,4,logQ,cnn,5,0.001640991657041,0.0015427448088303,21814,4713
42,4,logQ,cnn,6,0.0015847125323489,0.0012388739269226,21814,4713
42,4,logQ,cnn,7,0.0014672368997707,0.0023405691608786,21814,4713
42,4,logQ,cnn,8,0.0014160537393763,0.0009775914950296,21814,4713
42,4,logQ,cnn,9,0.0014085472794249,0.0008316837484017,21814,4713
42,4,logQ,cnn,10,0.0013789244694635,0.0008844045223668,21814,4713
42,4,logQ,lstm,1,0.0042761391960084,0.0001881105272332,21814,4713
42,4,logQ,lstm,2,0.000663416692987,0.0001055612083291,21814,4713
42,4,logQ,lstm,3,0.0005217001307755,0.0005185944028198,21814,4713
42,4,logQ,lstm,4,0.0004420817422214,0.0002521054120734,21814,4713
42,4,logQ,lstm,5,0.0003808775218203,0.0003105278592556,21814,4713
42,4,logQ,lstm,6,0.0003425895411055,0.0002209471422247,21814,4713
42,4,logQ,lstm,7,0.0002918992831837,3.025680052815005e-05,21814,4713
42,4,logQ,lstm,8,0.000272412027698,4.738860661746003e-05,21814,4713
42,4,logQ,lstm,9,0.0002557023253757,1.4019412446941716e-05,21814,4713
42,4,logQ,lstm,10,0.0002100425917888,0.0001365295320283,21814,4713
42,4,logQ,sa,1,0.0243597794324159,0.0011488446034491,21814,4713
42,4,logQ,sa,2,0.0074801077134907,0.000582851585932,21814,4713
42,4,logQ,sa,3,0.0049654771573841,0.0004233720246702,21814,4713
42,4,logQ,sa,4,0.0037279403768479,0.0008121617138385,21814,4713
42,4,logQ,sa,5,0.0028567630797624,0.0004997605574317,21814,4713
42,4,logQ,sa,6,0.0025143029633909,0.0007576480857096,21814,4713
42,4,logQ,sa,7,0.0023498246446251,0.0003207981935702,21814,4713
42,4,logQ,sa,8,0.0022220930550247,0.000555325357709,21814,4713
42,4,logQ,sa,9,0.0022189635783433,6.693676550639793e-05,21814,4713
42,4,logQ,sa,10,0.0021348104346543,0.0002229994715889,21814,4713
42,5,Tout_C,cnn,1,0.0062600346282124,0.0004180301039014,22159,4368
42,5,Tout_C,cnn,2,0.0021475269459187,0.0025602767709642,22159,4368
42,5,Tout_C,cnn,3,0.0014543157303705,0.0002525045129004,22159,4368
42,5,Tout_C,cnn,4,0.0011624550679698,0.0003693084290716,22159,4368
42,5,Tout_C,cnn,5,0.0010219368850812,0.0003247364948038,22159,4368
42,5,Tout_C,cnn,6,0.0009595353039912,0.0001378596207359,22159,4368
42,5,Tout_C,cnn,7,0.0008992688963189,0.0004037424223497,22159,4368
42,5,Tout_C,cnn,8,0.0008794582099653,0.0001038890550262,22159,4368
42,5,Tout_C,cnn,9,0.0008654617704451,0.0001324913173448,22159,4368
42,5,Tout_C,cnn,10,0.000866009038873,0.0013669078471139,22159,4368
42,5,Tout_C,lstm,1,0.0022911212872713,0.0002643174957484,22159,4368
42,5,Tout_C,lstm,2,0.0005530914058908,0.000117406634672,22159,4368
42,5,Tout_C,lstm,3,0.0004438589385244,6.357509846566245e-05,22159,4368
42,5,Tout_C,lstm,4,0.0003791921189986,0.0001024192388285,22159,4368
42,5,Tout_C,lstm,5,0.0003399604174774,4.654570875572972e-05,22159,4368
42,5,Tout_C,lstm,6,0.0003051403036806,0.0002431177126709,22159,4368
42,5,Tout_C,lstm,7,0.0002515405940357,2.571806362539064e-05,22159,4368
42,5,Tout_C,lstm,8,0.0002316792088095,7.283832383109257e-05,22159,4368
42,5,Tout_C,lstm,9,0.0002095868112519,4.279648783267476e-05,22159,4368
42,5,Tout_C,lstm,10,0.0001964837283594,2.308772673131898e-05,22159,4368
42,5,Tout_C,sa,1,0.0211310945451259,0.0021181721240282,22159,4368
42,5,Tout_C,sa,2,0.0053139002993702,0.0008549221674911,22159,4368
42,5,Tout_C,sa,3,0.0031082481145858,0.0003295475326012,22159,4368
42,5,Tout_C,sa,4,0.0021537076681852,0.0002540910500101,22159,4368
42,5,Tout_C,sa,5,0.0021140791941434,0.0001663877483224,22159,4368
42,5,Tout_C,sa,6,0.0018776666838675,0.0002026805159403,22159,4368
42,5,Tout_C,sa,7,0.0018409806070849,0.0006863661692477,22159,4368
42,5,Tout_C,sa,8,0.0017896373756229,0.000738512200769,22159,4368
42,5,Tout_C,sa,9,0.0017604563618078,0.0001280728756682,22159,4368
42,5,Tout_C,sa,10,0.0016567005077376,0.0003886752529069,22159,4368
42,5,logQ,cnn,1,0.0076309321448206,0.0001802313054213,22159,4368
42,5,logQ,cnn,2,0.003200099337846,0.0009931726381182,22159,4368
42,5,logQ,cnn,3,0.0022483530919998,0.0001226177118951,22159,4368
42,5,logQ,cnn,4,0.0018219955964013,0.0001890811981866,22159,4368
42,5,logQ,cnn,5,0.0015898421406745,4.101141894352622e-05,22159,4368
42,5,logQ,cnn,6,0.0014110072515904,4.382505721878261e-05,22159,4368
42,5,logQ,cnn,7,0.0013198542874306,9.44527200772427e-05,22159,4368
42,5,logQ,cnn,8,0.001279529184103,0.0001076813859981,22159,4368
42,5,logQ,cnn,9,0.001265961676836,0.0002437978982925,22159,4368
42,5,logQ,cnn,10,0.0012618252076208,0.0003603689256124,22159,4368
42,5,logQ,lstm,1,0.0034136588219553,8.431004971498623e-05,22159,4368
42,5,logQ,lstm,2,0.0006688830908387,2.8970698622288182e-05,22159,4368
42,5,logQ,lstm,3,0.0004936446784995,1.055539814842632e-05,22159,4368
42,5,logQ,lstm,4,0.000422631681431,8.758345211390406e-05,22159,4368
42,5,logQ,lstm,5,0.00034114785376,1.0548191312409472e-05,22159,4368
42,5,logQ,lstm,6,0.0003284370759502,0.0001314985420322,22159,4368
42,5,logQ,lstm,7,0.0002801463997457,1.923148192872759e-05,22159,4368
42,5,logQ,lstm,8,0.0002531981735955,7.391932740574703e-06,22159,4368
42,5,logQ,lstm,9,0.0002228075027232,1.6737962141633034e-05,22159,4368
42,5,logQ,lstm,10,0.0002030397154157,1.4412261407414915e-05,22159,4368
42,5,logQ,sa,1,0.0227308794856071,0.0004445074882823,22159,4368
42,5,logQ,sa,2,0.006887748837471,0.0007760350708849,22159,4368
42,5,logQ,sa,3,0.0049003828316926,0.0003575466107577,22159,4368
42,5,logQ,sa,4,0.0037776692770421,0.0003059291047975,22159,4368
42,5,logQ,sa,5,0.0034651088062673,0.0002537525724619,22159,4368
42,5,logQ,sa,6,0.0030171130783855,0.000100860306702,22159,4368
42,5,logQ,sa,7,0.0030233387369662,0.0005508480244316,22159,4368
42,5,logQ,sa,8,0.002862288383767,0.0004654072981793,22159,4368
42,5,logQ,sa,9,0.0029154864605516,5.6321579904761165e-05,22159,4368
42,5,logQ,sa,10,0.002962403697893,0.0002707632374949,22159,4368
