table,target,model,metric,mean,sd,n,min,max
Table6,Tout_C,BLSTM-XGB,R2,0.9706126002163655,0.002110975092694559,4,0.967677790344224,0.9722024923282392
Table6,Tout_C,CNN-BLSTM,R2,0.9916875461075896,0.0020818071618557634,4,0.9897920715011796,0.9939016441389052
Table6,Tout_C,BLSTM-SA,R2,0.97955587749332,0.0060592327571580215,4,0.9762800448142172,0.988640898658542
Table6,Tout_C,LCA-Stacking,R2,0.998309927167712,0.0005515893726325755,4,0.9976781009277992,0.9989535953376188
Table7,log1p_Q_J,BLSTM-XGB,R2,0.9882684933933064,0.0007976543837968098,4,0.987602630424687,0.9892015764012748
Table7,log1p_Q_J,CNN-BLSTM,R2,0.9876413250603177,0.005723901855910009,4,0.9801405627343543,0.9940686808168576
Table7,log1p_Q_J,BLSTM-SA,R2,0.8257912167839339,0.06439959433531961,4,0.7341804360422033,0.879758762547678
Table7,log1p_Q_J,LCA-Stacking,R2,0.9925634925676142,0.005763666940781889,4,0.9840114030736852,0.9963060762925562
Table8,Tout_C_external,BLSTM-XGB,R2,0.998284538357738,0.0005592358436415069,4,0.9977175684094428,0.998973032588926
Table8,Tout_C_external,CNN-BLSTM,R2,0.9962611326071893,0.0013309911941197829,4,0.9950594099795438,0.9977162066265328
Table8,Tout_C_external,BLSTM-SA,R2,0.9716322893249192,0.028661529139444503,4,0.9300958774335214,0.9914582058796368
Table8,Tout_C_external,LCA-Stacking,R2,0.9963004548303839,0.003689858840645719,4,0.9919524064475186,0.9998381712065252
Table9,log1p_Q_J_external,BLSTM-XGB,R2,0.9870995682191056,0.013686152543274951,4,0.967033772401482,0.9978037845101156
Table9,log1p_Q_J_external,CNN-BLSTM,R2,0.9750071268868737,0.019053186422010638,4,0.9477104025107308,0.9920010844019956
Table9,log1p_Q_J_external,BLSTM-SA,R2,0.8262386409531921,0.021909930572604108,4,0.8043223326877728,0.8465402188363116
Table9,log1p_Q_J_external,LCA-Stacking,R2,0.9982729270458617,0.000851998499490744,4,0.9976668458171924,0.9995247975484848
Table6,Tout_C,BLSTM-XGB,MSE,6.3786529174188376,0.4581956053530551,4,6.0335604617252425,7.0156651638520975
Table6,Tout_C,CNN-BLSTM,MSE,1.8042514364016853,0.4518645890498173,4,1.3236725838702106,2.21567179740973
Table6,Tout_C,BLSTM-SA,MSE,4.437478736853896,1.315180757342442,4,2.4655384771842925,5.1485113504698665
Table6,Tout_C,LCA-Stacking,MSE,0.36683708261686754,0.11972468428184488,4,0.227126326304514,0.5039775005577283
Table7,log1p_Q_J,BLSTM-XGB,MSE,0.009529384497196374,0.00064792661112576,4,0.0087714505805365,0.0100702582709705
Table7,log1p_Q_J,CNN-BLSTM,MSE,0.0100388270087068,0.004649467748503873,4,0.0048179507514841,0.0161316205963101
Table7,log1p_Q_J,BLSTM-SA,MSE,0.1415080376042599,0.052311140969274986,4,0.097670744476084,0.2159225508500012
Table7,log1p_Q_J,LCA-Stacking,MSE,0.00604059998560025,0.00468176852589017,4,0.0030005369720762,0.0129873760284646
Table8,Tout_C_external,BLSTM-XGB,MSE,0.23586086388841185,0.0768900020549096,4,0.1411989722147155,0.3138142372015683
Table8,Tout_C_external,CNN-BLSTM,MSE,0.5140613299110124,0.18299956416338944,4,0.3140014703554215,0.6792876049427223
Table8,Tout_C_external,BLSTM-SA,MSE,3.900310319698331,3.9407077702293556,4,1.1744214447892365,9.611201050319368
Table8,Tout_C_external,LCA-Stacking,MSE,0.5086548706208968,0.5073230857166954,4,0.0222500335132477,1.106473220239559
Table9,log1p_Q_J_external,BLSTM-XGB,MSE,0.006553521480391325,0.006952673848413356,4,0.0011156948568064,0.0167471046212826
Table9,log1p_Q_J_external,CNN-BLSTM,MSE,0.01269657741581515,0.009679169550857576,4,0.0040635124530478,0.0265635295133653
Table9,log1p_Q_J_external,BLSTM-SA,MSE,0.08827214610457808,0.011130418196862094,4,0.0779587838076738,0.099405804219884
Table9,log1p_Q_J_external,LCA-Stacking,MSE,0.000877366734337575,0.00043282198321014726,4,0.0002414066076572,0.0011852607969866
Table6,Tout_C,BLSTM-XGB,RMSE,2.524403052200215,0.08975631796573681,4,2.456330690628858,2.6487100943387705
Table6,Tout_C,CNN-BLSTM,RMSE,1.3351163027811455,0.17016029481909284,4,1.150509706117341,1.4885132842570572
Table6,Tout_C,BLSTM-SA,RMSE,2.085412456026591,0.3435765321885607,4,1.5702033235171464,2.269033131197045
Table6,Tout_C,LCA-Stacking,RMSE,0.5993310098090043,0.10092520859981215,4,0.476577723256673,0.7099137275456281
Table7,log1p_Q_J,BLSTM-XGB,RMSE,0.09757592518760455,0.0033313302607024826,4,0.0936560226602459,0.1003506764848673
Table7,log1p_Q_J,CNN-BLSTM,RMSE,0.09809947336790595,0.02353211518036234,4,0.0694114597994032,0.1270103168892598
Table7,log1p_Q_J,BLSTM-SA,RMSE,0.3717388070473849,0.06651613277240427,4,0.3125231903012704,0.4646746720556235
Table7,log1p_Q_J,LCA-Stacking,RMSE,0.07407530224068495,0.027164918149492637,4,0.0547771573931712,0.1139621692864112
Table8,Tout_C_external,BLSTM-XGB,RMSE,0.4804124589391638,0.08217650259807155,4,0.3757645169713547,0.5601912505578504
Table8,Tout_C_external,CNN-BLSTM,RMSE,0.707976721438633,0.1307939438558055,4,0.5603583410242249,0.8241890589802332
Table8,Tout_C_external,BLSTM-SA,RMSE,1.8032821379586332,0.9298629652571914,4,1.083707268956537,3.10019371174115
Table8,Tout_C_external,LCA-Stacking,RMSE,0.616132497523482,0.4147860751702791,4,0.1491644512383823,1.0518903080832902
Table9,log1p_Q_J_external,BLSTM-XGB,RMSE,0.07298591892540535,0.04044052619185377,4,0.0334020187534589,0.1294106047481527
Table9,log1p_Q_J_external,CNN-BLSTM,RMSE,0.10686422628151344,0.0412571538373437,4,0.0637456857602758,0.1629832185022904
Table9,log1p_Q_J_external,BLSTM-SA,RMSE,0.29666241829508067,0.018745868020898344,4,0.2792110023041246,0.3152868602081032
Table9,log1p_Q_J_external,LCA-Stacking,RMSE,0.0286182533212515,0.008821361284088036,4,0.0155372651279834,0.0344276167776198
Table6,Tout_C,BLSTM-XGB,MAE,1.195151716824303,0.042226942122169174,4,1.142261025323305,1.2420245390041036
Table6,Tout_C,CNN-BLSTM,MAE,0.9460789829603513,0.13576991422652582,4,0.8274016002694167,1.1410707979403996
Table6,Tout_C,BLSTM-SA,MAE,1.578190532544254,0.3847365618066874,4,1.0026296930739478,1.7925887655206678
Table6,Tout_C,LCA-Stacking,MAE,0.44626019331378736,0.07145373827547176,4,0.3623178743799771,0.5361052826115476
Table7,log1p_Q_J,BLSTM-XGB,MAE,0.04426158098309978,0.0024311091330015736,4,0.041924692782433,0.0471569505036547
Table7,log1p_Q_J,CNN-BLSTM,MAE,0.05224479406077787,0.008777022004264817,4,0.0395286946284419,0.0588051403081978
Table7,log1p_Q_J,BLSTM-SA,MAE,0.1618773030812417,0.01870571719182844,4,0.1450484009714669,0.1786592274151025
Table7,log1p_Q_J,LCA-Stacking,MAE,0.04015118709711875,0.010235177064362512,4,0.0294395935251565,0.0538020314519866
Table8,Tout_C_external,BLSTM-XGB,MAE,0.4011667172327153,0.07898598179440845,4,0.3020675780282716,0.4751574468610696
Table8,Tout_C_external,CNN-BLSTM,MAE,0.5800169309771769,0.08018376071574168,4,0.4954932775513873,0.661695363803455
Table8,Tout_C_external,BLSTM-SA,MAE,1.6409552330708417,0.9458323665006473,4,0.8182163343476542,2.9231479896125583
Table8,Tout_C_external,LCA-Stacking,MAE,0.5834048175796243,0.4281407211341421,4,0.1084882159651339,1.049057997135698
Table9,log1p_Q_J_external,BLSTM-XGB,MAE,0.05399307762937028,0.028560143515826256,4,0.0270857707223937,0.0942115949561185
Table9,log1p_Q_J_external,CNN-BLSTM,MAE,0.082254586330453,0.030053463087704214,4,0.0532942231168775,0.1236435237230492
Table9,log1p_Q_J_external,BLSTM-SA,MAE,0.2559013319574486,0.016908193794768003,4,0.2404550264244564,0.2747785670253198
Table9,log1p_Q_J_external,LCA-Stacking,MAE,0.024857154683185126,0.009868967460865083,4,0.0101450431432091,0.031168677924667
Table6,Tout_C,BLSTM-XGB,MAPE_percent,0.21370491360812535,0.007684964574888933,4,0.2040584960609073,0.2223192508863538
Table6,Tout_C,CNN-BLSTM,MAPE_percent,0.1722331868366077,0.023933771485982573,4,0.1512216778614175,0.2065809071743327
Table6,Tout_C,BLSTM-SA,MAPE_percent,0.28677370953870596,0.06975228562799385,4,0.1824620498001948,0.325760480046631
Table6,Tout_C,LCA-Stacking,MAPE_percent,0.08126539499793575,0.013127284734814101,4,0.0656786047718166,0.0975518378282995
Table7,log1p_Q_J,BLSTM-XGB,MAPE_percent,0.2772099046842481,0.016037912029608303,4,0.2621568481160614,0.2968617181537688
Table7,log1p_Q_J,CNN-BLSTM,MAPE_percent,0.3375593939897793,0.057419097089984,4,0.2540286566663707,0.3760033040000642
Table7,log1p_Q_J,BLSTM-SA,MAPE_percent,1.0757784650985212,0.11979792534591927,4,0.9676201120603162,1.1887078826298711
Table7,log1p_Q_J,LCA-Stacking,MAPE_percent,0.2617989216565166,0.06955763636323146,4,0.1966021564628667,0.358366487786348
Table8,Tout_C_external,BLSTM-XGB,MAPE_percent,0.07469669222534693,0.014910389916598245,4,0.0559394574988429,0.0883171247361135
Table8,Tout_C_external,CNN-BLSTM,MAPE_percent,0.1074405412681769,0.014798733515303013,4,0.0918947431985898,0.1231955880954373
Table8,Tout_C_external,BLSTM-SA,MAPE_percent,0.3042340113606533,0.17535202170073616,4,0.1512386086186384,0.541628218402568
Table8,Tout_C_external,LCA-Stacking,MAPE_percent,0.10836545873411554,0.07988677000449884,4,0.019998032419077,0.1956477567099436
Table9,log1p_Q_J_external,BLSTM-XGB,MAPE_percent,0.31782941009511884,0.16601039692069738,4,0.1609121027854061,0.5510907623588629
Table9,log1p_Q_J_external,CNN-BLSTM,MAPE_percent,0.4862144857677197,0.17525589117657953,4,0.3179305817451464,0.7269161844583821
Table9,log1p_Q_J_external,BLSTM-SA,MAPE_percent,1.5191845435898523,0.10343105505848144,4,1.422513327775827,1.636591413764207
Table9,log1p_Q_J_external,LCA-Stacking,MAPE_percent,0.14967502527971768,0.057937298484177086,4,0.0634113134731867,0.1861132601709182
